0,0,xe033MP0syuMfSchtTm4zxj51ps=,RuyvWgWuaWM2YpltgMsIdT7DbCs=
0,1,xe033MP0syuMfSchtTm4zxj51ps=,lBPArVhXz5nHuMV85U8Opn+vzZI=
0,2,xe033MP0syuMfSchtTm4zxj51ps=,lBPArVhXz5nHuMV85U8Opn+vzZI=
1,0,xe033MP0syuMfSchtTm4zxj51ps=,Az/B51VWFaItk1lOkk/TOngBPm0=
8,0,xe033MP0syuMfSchtTm4zxj51ps=,lBPArVhXz5nHuMV85U8Opn+vzZI=
15,2,xe033MP0syuMfSchtTm4zxj51ps=,UGklHEbbAJMHKjVSND8en0Ke5CI=
15,3,xe033MP0syuMfSchtTm4zxj51ps=,lBPArVhXz5nHuMV85U8Opn+vzZI=
2,0,xe033MP0syuMfSchtTm4zxj51ps=,UGklHEbbAJMHKjVSND8en0Ke5CI=
2,4,xe033MP0syuMfSchtTm4zxj51ps=,Az/B51VWFaItk1lOkk/TOngBPm0=
2,2,xe033MP0syuMfSchtTm4zxj51ps=,lBPArVhXz5nHuMV85U8Opn+vzZI=
3,0,xe033MP0syuMfSchtTm4zxj51ps=,lBPArVhXz5nHuMV85U8Opn+vzZI=
4,0,xe033MP0syuMfSchtTm4zxj51ps=,lBPArVhXz5nHuMV85U8Opn+vzZI=
